,category,contract,output_num,input_len,output_len,inout_len,exec_time
0,reentrancy,0x93c32845fae42c83a70e5f06214c8433665c2ab5,0,4891,1526,6417,31
1,reentrancy,0x93c32845fae42c83a70e5f06214c8433665c2ab5,1,4891,1620,6511,25
2,reentrancy,0x93c32845fae42c83a70e5f06214c8433665c2ab5,2,4891,1558,6449,26
3,reentrancy,0x93c32845fae42c83a70e5f06214c8433665c2ab5,3,4891,1541,6432,37
4,reentrancy,0x93c32845fae42c83a70e5f06214c8433665c2ab5,4,4891,1531,6422,38
5,reentrancy,reentrance,0,3996,573,4569,15
6,reentrancy,reentrance,1,3996,608,4604,20
7,reentrancy,reentrance,2,3996,1517,5513,25
8,reentrancy,reentrance,3,3996,628,4624,18
9,reentrancy,reentrance,4,3996,573,4569,27
10,reentrancy,reentrancy_dao,0,3991,712,4703,23
11,reentrancy,reentrancy_dao,1,3991,442,4433,36
12,reentrancy,reentrancy_dao,2,3991,642,4633,16
13,reentrancy,reentrancy_dao,3,3991,659,4650,38
14,reentrancy,reentrancy_dao,4,3991,685,4676,26
15,reentrancy,0x01f8c4e3fa3edeb29e514cba738d87ce8c091d3f,0,5009,1690,6699,20
16,reentrancy,0x01f8c4e3fa3edeb29e514cba738d87ce8c091d3f,1,5009,1651,6660,21
17,reentrancy,0x01f8c4e3fa3edeb29e514cba738d87ce8c091d3f,2,5009,1658,6667,22
18,reentrancy,0x01f8c4e3fa3edeb29e514cba738d87ce8c091d3f,3,5009,1651,6660,11
19,reentrancy,0x01f8c4e3fa3edeb29e514cba738d87ce8c091d3f,4,5009,1651,6660,29
20,reentrancy,0x96edbe868531bd23a6c05e9d0c424ea64fb1b78b,0,5147,1799,6946,53
21,reentrancy,0x96edbe868531bd23a6c05e9d0c424ea64fb1b78b,1,5147,1762,6909,30
22,reentrancy,0x96edbe868531bd23a6c05e9d0c424ea64fb1b78b,2,5147,1799,6946,38
23,reentrancy,0x96edbe868531bd23a6c05e9d0c424ea64fb1b78b,3,5147,1878,7025,44
24,reentrancy,0x96edbe868531bd23a6c05e9d0c424ea64fb1b78b,4,5147,1815,6962,36
25,reentrancy,0xbe4041d55db380c5ae9d4a9b9703f1ed4e7e3888,0,5148,1754,6902,66
26,reentrancy,0xbe4041d55db380c5ae9d4a9b9703f1ed4e7e3888,1,5148,1792,6940,48
27,reentrancy,0xbe4041d55db380c5ae9d4a9b9703f1ed4e7e3888,2,5148,1855,7003,23
28,reentrancy,0xbe4041d55db380c5ae9d4a9b9703f1ed4e7e3888,3,5148,1815,6963,41
29,reentrancy,0xbe4041d55db380c5ae9d4a9b9703f1ed4e7e3888,4,5148,1762,6910,40
30,reentrancy,0x4320e6f8c05b27ab4707cd1f6d5ce6f3e4b3a5a1,0,5007,1653,6660,13
31,reentrancy,0x4320e6f8c05b27ab4707cd1f6d5ce6f3e4b3a5a1,1,5007,1657,6664,22
32,reentrancy,0x4320e6f8c05b27ab4707cd1f6d5ce6f3e4b3a5a1,2,5007,1653,6660,13
33,reentrancy,0x4320e6f8c05b27ab4707cd1f6d5ce6f3e4b3a5a1,3,5007,1653,6660,14
34,reentrancy,0x4320e6f8c05b27ab4707cd1f6d5ce6f3e4b3a5a1,4,5007,1653,6660,17
35,reentrancy,0x561eac93c92360949ab1f1403323e6db345cbf31,0,4931,1583,6514,34
36,reentrancy,0x561eac93c92360949ab1f1403323e6db345cbf31,1,4931,1583,6514,30
37,reentrancy,0x561eac93c92360949ab1f1403323e6db345cbf31,2,4931,1582,6513,26
38,reentrancy,0x561eac93c92360949ab1f1403323e6db345cbf31,3,4931,1694,6625,27
39,reentrancy,0x561eac93c92360949ab1f1403323e6db345cbf31,4,4931,1596,6527,24
40,reentrancy,etherstore,0,4167,720,4887,21
41,reentrancy,etherstore,1,4167,808,4975,28
42,reentrancy,etherstore,2,4167,733,4900,36
43,reentrancy,etherstore,3,4167,720,4887,26
44,reentrancy,etherstore,4,4167,766,4933,37
45,reentrancy,0x7541b76cb60f4c60af330c208b0623b7f54bf615,0,4887,1521,6408,31
46,reentrancy,0x7541b76cb60f4c60af330c208b0623b7f54bf615,1,4887,1515,6402,50
47,reentrancy,0x7541b76cb60f4c60af330c208b0623b7f54bf615,2,4887,1657,6544,26
48,reentrancy,0x7541b76cb60f4c60af330c208b0623b7f54bf615,3,4887,1537,6424,36
49,reentrancy,0x7541b76cb60f4c60af330c208b0623b7f54bf615,4,4887,1554,6441,44
50,reentrancy,reentrancy_simple,0,2652,491,3143,17
51,reentrancy,reentrancy_simple,1,2652,468,3120,19
52,reentrancy,reentrancy_simple,2,2652,605,3257,14
53,reentrancy,reentrancy_simple,3,2652,491,3143,40
54,reentrancy,reentrancy_simple,4,2652,542,3194,19
55,reentrancy,0x941d225236464a25eb18076df7da6a91d0f95e9e,0,4800,1567,6367,43
56,reentrancy,0x941d225236464a25eb18076df7da6a91d0f95e9e,1,4800,1486,6286,44
57,reentrancy,0x941d225236464a25eb18076df7da6a91d0f95e9e,2,4800,1593,6393,50
58,reentrancy,0x941d225236464a25eb18076df7da6a91d0f95e9e,3,4800,1472,6272,39
59,reentrancy,0x941d225236464a25eb18076df7da6a91d0f95e9e,4,4800,1448,6248,47
60,reentrancy,0xb93430ce38ac4a6bb47fb1fc085ea669353fd89e,0,4701,1413,6114,37
61,reentrancy,0xb93430ce38ac4a6bb47fb1fc085ea669353fd89e,1,4701,1314,6015,29
62,reentrancy,0xb93430ce38ac4a6bb47fb1fc085ea669353fd89e,2,4701,1389,6090,30
63,reentrancy,0xb93430ce38ac4a6bb47fb1fc085ea669353fd89e,3,4701,1387,6088,30
64,reentrancy,0xb93430ce38ac4a6bb47fb1fc085ea669353fd89e,4,4701,1428,6129,39
65,reentrancy,0xbaf51e761510c1a11bf48dd87c0307ac8a8c8a4f,0,4719,1339,6058,28
66,reentrancy,0xbaf51e761510c1a11bf48dd87c0307ac8a8c8a4f,1,4719,1339,6058,46
67,reentrancy,0xbaf51e761510c1a11bf48dd87c0307ac8a8c8a4f,2,4719,1373,6092,121
68,reentrancy,0xbaf51e761510c1a11bf48dd87c0307ac8a8c8a4f,3,4719,1345,6064,83
69,reentrancy,0xbaf51e761510c1a11bf48dd87c0307ac8a8c8a4f,4,4719,1401,6120,60
70,reentrancy,0xaae1f51cf3339f18b6d3f3bdc75a5facd744b0b8,0,4931,1583,6514,33
71,reentrancy,0xaae1f51cf3339f18b6d3f3bdc75a5facd744b0b8,1,4931,1583,6514,32
72,reentrancy,0xaae1f51cf3339f18b6d3f3bdc75a5facd744b0b8,2,4931,1588,6519,30
73,reentrancy,0xaae1f51cf3339f18b6d3f3bdc75a5facd744b0b8,3,4931,1577,6508,32
74,reentrancy,0xaae1f51cf3339f18b6d3f3bdc75a5facd744b0b8,4,4931,1585,6516,9
75,reentrancy,0xcead721ef5b11f1a7b530171aab69b16c5e66b6e,0,4887,1622,6509,17
76,reentrancy,0xcead721ef5b11f1a7b530171aab69b16c5e66b6e,1,4887,1515,6402,64
77,reentrancy,0xcead721ef5b11f1a7b530171aab69b16c5e66b6e,2,4887,1537,6424,60
78,reentrancy,0xcead721ef5b11f1a7b530171aab69b16c5e66b6e,3,4887,1487,6374,16
79,reentrancy,0xcead721ef5b11f1a7b530171aab69b16c5e66b6e,4,4887,1450,6337,29
80,reentrancy,0x7b368c4e805c3870b6c49a3f1f49f69af8662cf3,0,4891,1553,6444,24
81,reentrancy,0x7b368c4e805c3870b6c49a3f1f49f69af8662cf3,1,4891,1559,6450,22
82,reentrancy,0x7b368c4e805c3870b6c49a3f1f49f69af8662cf3,2,4891,1504,6395,22
83,reentrancy,0x7b368c4e805c3870b6c49a3f1f49f69af8662cf3,3,4891,1563,6454,27
84,reentrancy,0x7b368c4e805c3870b6c49a3f1f49f69af8662cf3,4,4891,1513,6404,28
85,reentrancy,0x23a91059fdc9579a9fbd0edc5f2ea0bfdb70deb4,0,4701,1357,6058,21
86,reentrancy,0x23a91059fdc9579a9fbd0edc5f2ea0bfdb70deb4,1,4701,1395,6096,23
87,reentrancy,0x23a91059fdc9579a9fbd0edc5f2ea0bfdb70deb4,2,4701,1351,6052,31
88,reentrancy,0x23a91059fdc9579a9fbd0edc5f2ea0bfdb70deb4,3,4701,1495,6196,15
89,reentrancy,0x23a91059fdc9579a9fbd0edc5f2ea0bfdb70deb4,4,4701,1341,6042,23
90,reentrancy,0x7a8721a9d64c74da899424c1b52acbf58ddc9782,0,4929,1579,6508,20
91,reentrancy,0x7a8721a9d64c74da899424c1b52acbf58ddc9782,1,4929,1495,6424,30
92,reentrancy,0x7a8721a9d64c74da899424c1b52acbf58ddc9782,2,4929,1593,6522,23
93,reentrancy,0x7a8721a9d64c74da899424c1b52acbf58ddc9782,3,4929,1724,6653,23
94,reentrancy,0x7a8721a9d64c74da899424c1b52acbf58ddc9782,4,4929,1553,6482,41
95,reentrancy,0xf015c35649c82f5467c9c74b7f28ee67665aad68,0,4889,1539,6428,20
96,reentrancy,0xf015c35649c82f5467c9c74b7f28ee67665aad68,1,4889,1552,6441,30
97,reentrancy,0xf015c35649c82f5467c9c74b7f28ee67665aad68,2,4889,1528,6417,33
98,reentrancy,0xf015c35649c82f5467c9c74b7f28ee67665aad68,3,4889,1591,6480,36
99,reentrancy,0xf015c35649c82f5467c9c74b7f28ee67665aad68,4,4889,1533,6422,28
100,reentrancy,0xb5e1b1ee15c6fa0e48fce100125569d430f1bd12,0,4713,1372,6085,22
101,reentrancy,0xb5e1b1ee15c6fa0e48fce100125569d430f1bd12,1,4713,1323,6036,20
102,reentrancy,0xb5e1b1ee15c6fa0e48fce100125569d430f1bd12,2,4713,1402,6115,32
103,reentrancy,0xb5e1b1ee15c6fa0e48fce100125569d430f1bd12,3,4713,1363,6076,22
104,reentrancy,0xb5e1b1ee15c6fa0e48fce100125569d430f1bd12,4,4713,1333,6046,24
105,reentrancy,0x8c7777c45481dba411450c228cb692ac3d550344,0,4719,1339,6058,32
106,reentrancy,0x8c7777c45481dba411450c228cb692ac3d550344,1,4719,1375,6094,24
107,reentrancy,0x8c7777c45481dba411450c228cb692ac3d550344,2,4719,1363,6082,42
108,reentrancy,0x8c7777c45481dba411450c228cb692ac3d550344,3,4719,1373,6092,21
109,reentrancy,0x8c7777c45481dba411450c228cb692ac3d550344,4,4719,1343,6062,24
110,reentrancy,0x4e73b32ed6c35f570686b89848e5f39f20ecc106,0,4940,1613,6553,24
111,reentrancy,0x4e73b32ed6c35f570686b89848e5f39f20ecc106,1,4940,1585,6525,22
112,reentrancy,0x4e73b32ed6c35f570686b89848e5f39f20ecc106,2,4940,1586,6526,25
113,reentrancy,0x4e73b32ed6c35f570686b89848e5f39f20ecc106,3,4940,1585,6525,12
114,reentrancy,0x4e73b32ed6c35f570686b89848e5f39f20ecc106,4,4940,1591,6531,16
115,unchecked_low_level_calls,0xbaa3de6504690efb064420d89e871c27065cdd52,0,3125,963,4088,16
116,unchecked_low_level_calls,0xbaa3de6504690efb064420d89e871c27065cdd52,1,3125,963,4088,20
117,unchecked_low_level_calls,0xbaa3de6504690efb064420d89e871c27065cdd52,2,3125,963,4088,13
118,unchecked_low_level_calls,0xbaa3de6504690efb064420d89e871c27065cdd52,3,3125,955,4080,15
119,unchecked_low_level_calls,0xbaa3de6504690efb064420d89e871c27065cdd52,4,3125,963,4088,15
120,unchecked_low_level_calls,0xbebbfe5b549f5db6e6c78ca97cac19d1fb03082c,0,3124,962,4086,10
121,unchecked_low_level_calls,0xbebbfe5b549f5db6e6c78ca97cac19d1fb03082c,1,3124,962,4086,21
122,unchecked_low_level_calls,0xbebbfe5b549f5db6e6c78ca97cac19d1fb03082c,2,3124,961,4085,10
123,unchecked_low_level_calls,0xbebbfe5b549f5db6e6c78ca97cac19d1fb03082c,3,3124,962,4086,11
124,unchecked_low_level_calls,0xbebbfe5b549f5db6e6c78ca97cac19d1fb03082c,4,3124,962,4086,20
125,unchecked_low_level_calls,0xd5967fed03e85d1cce44cab284695b41bc675b5c,0,1383,400,1783,8
126,unchecked_low_level_calls,0xd5967fed03e85d1cce44cab284695b41bc675b5c,1,1383,399,1782,5
127,unchecked_low_level_calls,0xd5967fed03e85d1cce44cab284695b41bc675b5c,2,1383,399,1782,6
128,unchecked_low_level_calls,0xd5967fed03e85d1cce44cab284695b41bc675b5c,3,1383,399,1782,5
129,unchecked_low_level_calls,0xd5967fed03e85d1cce44cab284695b41bc675b5c,4,1383,397,1780,21
130,unchecked_low_level_calls,0xb7c5c5aa4d42967efe906e1b66cb8df9cebf04f7,0,1682,428,2110,15
131,unchecked_low_level_calls,0xb7c5c5aa4d42967efe906e1b66cb8df9cebf04f7,1,1682,459,2141,13
132,unchecked_low_level_calls,0xb7c5c5aa4d42967efe906e1b66cb8df9cebf04f7,2,1682,428,2110,12
133,unchecked_low_level_calls,0xb7c5c5aa4d42967efe906e1b66cb8df9cebf04f7,3,1682,461,2143,19
134,unchecked_low_level_calls,0xb7c5c5aa4d42967efe906e1b66cb8df9cebf04f7,4,1682,428,2110,13
135,unchecked_low_level_calls,0x2972d548497286d18e92b5fa1f8f9139e5653fd2,0,2574,431,3005,26
136,unchecked_low_level_calls,0x2972d548497286d18e92b5fa1f8f9139e5653fd2,1,2574,417,2991,15
137,unchecked_low_level_calls,0x2972d548497286d18e92b5fa1f8f9139e5653fd2,2,2574,445,3019,15
138,unchecked_low_level_calls,0x2972d548497286d18e92b5fa1f8f9139e5653fd2,3,2574,445,3019,15
139,unchecked_low_level_calls,0x2972d548497286d18e92b5fa1f8f9139e5653fd2,4,2574,520,3094,16
140,unchecked_low_level_calls,0x4b71ad9c1a84b9b643aa54fdd66e2dec96e8b152,0,1386,389,1775,10
141,unchecked_low_level_calls,0x4b71ad9c1a84b9b643aa54fdd66e2dec96e8b152,1,1386,402,1788,8
142,unchecked_low_level_calls,0x4b71ad9c1a84b9b643aa54fdd66e2dec96e8b152,2,1386,407,1793,5
143,unchecked_low_level_calls,0x4b71ad9c1a84b9b643aa54fdd66e2dec96e8b152,3,1386,406,1792,6
144,unchecked_low_level_calls,0x4b71ad9c1a84b9b643aa54fdd66e2dec96e8b152,4,1386,402,1788,5
145,unchecked_low_level_calls,0x39cfd754c85023648bf003bea2dd498c5612abfa,0,2626,1639,4265,20
146,unchecked_low_level_calls,0x39cfd754c85023648bf003bea2dd498c5612abfa,1,2626,1639,4265,17
147,unchecked_low_level_calls,0x39cfd754c85023648bf003bea2dd498c5612abfa,2,2626,1645,4271,22
148,unchecked_low_level_calls,0x39cfd754c85023648bf003bea2dd498c5612abfa,3,2626,1637,4263,19
149,unchecked_low_level_calls,0x39cfd754c85023648bf003bea2dd498c5612abfa,4,2626,1644,4270,20
150,unchecked_low_level_calls,0x627fa62ccbb1c1b04ffaecd72a53e37fc0e17839,0,4725,1586,6311,18
151,unchecked_low_level_calls,0x627fa62ccbb1c1b04ffaecd72a53e37fc0e17839,1,4725,1586,6311,14
152,unchecked_low_level_calls,0x627fa62ccbb1c1b04ffaecd72a53e37fc0e17839,2,4725,1586,6311,21
153,unchecked_low_level_calls,0x627fa62ccbb1c1b04ffaecd72a53e37fc0e17839,3,4725,1586,6311,17
154,unchecked_low_level_calls,0x627fa62ccbb1c1b04ffaecd72a53e37fc0e17839,4,4725,1616,6341,21
155,unchecked_low_level_calls,0x4051334adc52057aca763453820cb0e045076ef3,0,3457,482,3939,18
156,unchecked_low_level_calls,0x4051334adc52057aca763453820cb0e045076ef3,1,3457,407,3864,12
157,unchecked_low_level_calls,0x4051334adc52057aca763453820cb0e045076ef3,2,3457,483,3940,17
158,unchecked_low_level_calls,0x4051334adc52057aca763453820cb0e045076ef3,3,3457,438,3895,15
159,unchecked_low_level_calls,0x4051334adc52057aca763453820cb0e045076ef3,4,3457,438,3895,17
160,unchecked_low_level_calls,0xa46edd6a9a93feec36576ee5048146870ea2c3ae,0,1391,450,1841,9
161,unchecked_low_level_calls,0xa46edd6a9a93feec36576ee5048146870ea2c3ae,1,1391,482,1873,9
162,unchecked_low_level_calls,0xa46edd6a9a93feec36576ee5048146870ea2c3ae,2,1391,445,1836,11
163,unchecked_low_level_calls,0xa46edd6a9a93feec36576ee5048146870ea2c3ae,3,1391,450,1841,7
164,unchecked_low_level_calls,0xa46edd6a9a93feec36576ee5048146870ea2c3ae,4,1391,448,1839,10
165,unchecked_low_level_calls,0xb11b2fed6c9354f7aa2f658d3b4d7b31d8a13b77,0,3116,957,4073,12
166,unchecked_low_level_calls,0xb11b2fed6c9354f7aa2f658d3b4d7b31d8a13b77,1,3116,957,4073,11
167,unchecked_low_level_calls,0xb11b2fed6c9354f7aa2f658d3b4d7b31d8a13b77,2,3116,957,4073,10
168,unchecked_low_level_calls,0xb11b2fed6c9354f7aa2f658d3b4d7b31d8a13b77,3,3116,957,4073,7
169,unchecked_low_level_calls,0xb11b2fed6c9354f7aa2f658d3b4d7b31d8a13b77,4,3116,957,4073,16
170,unchecked_low_level_calls,0x8fd1e427396ddb511533cf9abdbebd0a7e08da35,0,4840,1776,6616,14
171,unchecked_low_level_calls,0x8fd1e427396ddb511533cf9abdbebd0a7e08da35,1,4840,1743,6583,22
172,unchecked_low_level_calls,0x8fd1e427396ddb511533cf9abdbebd0a7e08da35,2,4840,1724,6564,16
173,unchecked_low_level_calls,0x8fd1e427396ddb511533cf9abdbebd0a7e08da35,3,4840,1779,6619,21
174,unchecked_low_level_calls,0x8fd1e427396ddb511533cf9abdbebd0a7e08da35,4,4840,1777,6617,14
175,unchecked_low_level_calls,0x3a0e9acd953ffc0dd18d63603488846a6b8b2b01,0,4839,1780,6619,22
176,unchecked_low_level_calls,0x3a0e9acd953ffc0dd18d63603488846a6b8b2b01,1,4839,1710,6549,43
177,unchecked_low_level_calls,0x3a0e9acd953ffc0dd18d63603488846a6b8b2b01,2,4839,1778,6617,24
178,unchecked_low_level_calls,0x3a0e9acd953ffc0dd18d63603488846a6b8b2b01,3,4839,1722,6561,26
179,unchecked_low_level_calls,0x3a0e9acd953ffc0dd18d63603488846a6b8b2b01,4,4839,1708,6547,18
180,unchecked_low_level_calls,0xe894d54dca59cb53fe9cbc5155093605c7068220,0,1450,466,1916,9
181,unchecked_low_level_calls,0xe894d54dca59cb53fe9cbc5155093605c7068220,1,1450,466,1916,6
182,unchecked_low_level_calls,0xe894d54dca59cb53fe9cbc5155093605c7068220,2,1450,466,1916,23
183,unchecked_low_level_calls,0xe894d54dca59cb53fe9cbc5155093605c7068220,3,1450,466,1916,17
184,unchecked_low_level_calls,0xe894d54dca59cb53fe9cbc5155093605c7068220,4,1450,466,1916,8
185,unchecked_low_level_calls,0xa1fceeff3acc57d257b917e30c4df661401d6431,0,1742,776,2518,9
186,unchecked_low_level_calls,0xa1fceeff3acc57d257b917e30c4df661401d6431,1,1742,776,2518,14
187,unchecked_low_level_calls,0xa1fceeff3acc57d257b917e30c4df661401d6431,2,1742,776,2518,12
188,unchecked_low_level_calls,0xa1fceeff3acc57d257b917e30c4df661401d6431,3,1742,740,2482,10
189,unchecked_low_level_calls,0xa1fceeff3acc57d257b917e30c4df661401d6431,4,1742,776,2518,15
190,other,name_registrar,0,3068,609,3677,28
191,other,name_registrar,1,3068,609,3677,44
192,other,name_registrar,2,3068,591,3659,32
193,other,name_registrar,3,3068,591,3659,22
194,other,name_registrar,4,3068,609,3677,15
195,other,crypto_roulette,0,2565,1129,3694,51
196,other,crypto_roulette,1,2565,1079,3644,41
197,other,crypto_roulette,2,2565,1128,3693,29
198,other,crypto_roulette,3,2565,1079,3644,26
199,other,crypto_roulette,4,2565,1079,3644,23
200,access_control,proxy,0,2101,472,2573,26
201,access_control,proxy,1,2101,438,2539,19
202,access_control,proxy,2,2101,343,2444,24
203,access_control,proxy,3,2101,301,2402,12
204,access_control,proxy,4,2101,472,2573,12
205,access_control,phishable,0,1174,333,1507,9
206,access_control,phishable,1,1174,333,1507,7
207,access_control,phishable,2,1174,324,1498,8
208,access_control,phishable,3,1174,333,1507,12
209,access_control,phishable,4,1174,318,1492,12
210,access_control,mycontract,0,1214,281,1495,21
211,access_control,mycontract,1,1214,314,1528,14
212,access_control,mycontract,2,1214,280,1494,16
213,access_control,mycontract,3,1214,313,1527,8
214,access_control,mycontract,4,1214,305,1519,11
