Unnamed: 0,Patch,Original,Category,Tool,DIFF,COMP,Detected,Fixed,Consistent,functional_check,mitigates,patch_link,original_link,diff_link,exploit_link,retriever_dataset
357,0x01f8c4e3fa3edeb29e514cba738d87ce8c091d3f.sol,0x01f8c4e3fa3edeb29e514cba738d87ce8c091d3f.sol,reentrancy,SmartFix,True,True,1.0,1.0,True,passed,yes,https://github.com/ASSERT-KTH/RepairComp/blob/main/results/smartbugs/SmartFix/reentrancy/0x01f8c4e3fa3edeb29e514cba738d87ce8c091d3f/0x01f8c4e3fa3edeb29e514cba738d87ce8c091d3f.sol,https://github.com/smartbugs/smartbugs-curated/tree/main/dataset/reentrancy/0x01f8c4e3fa3edeb29e514cba738d87ce8c091d3f.sol,https://github.com/ASSERT-KTH/RepairComp/blob/main/results/smartbugs/SmartFix/reentrancy/0x01f8c4e3fa3edeb29e514cba738d87ce8c091d3f/0x01f8c4e3fa3edeb29e514cba738d87ce8c091d3f.diff,https://github.com/ASSERT-KTH/sb-heists/tree/main/smartbugs-curated/0.4.x/test/reentrancy/0x01f8c4e3fa3edeb29e514cba738d87ce8c091d3f_test.js,True
646,0x07f7ecb66d788ab01dc93b9b71a88401de7d0f2e_3round.sol,0x07f7ecb66d788ab01dc93b9b71a88401de7d0f2e.sol,unchecked_low_level_calls,SolGPT,True,True,2.0,2.0,True,passed,yes,https://github.com/ASSERT-KTH/RepairComp/blob/main/results/smartbugs/SolGPT/unchecked_low_level_calls/0x07f7ecb66d788ab01dc93b9b71a88401de7d0f2e/0x07f7ecb66d788ab01dc93b9b71a88401de7d0f2e_3round.sol,https://github.com/smartbugs/smartbugs-curated/tree/main/dataset/unchecked_low_level_calls/0x07f7ecb66d788ab01dc93b9b71a88401de7d0f2e.sol,https://github.com/ASSERT-KTH/RepairComp/blob/main/results/smartbugs/SolGPT/unchecked_low_level_calls/0x07f7ecb66d788ab01dc93b9b71a88401de7d0f2e/0x07f7ecb66d788ab01dc93b9b71a88401de7d0f2e_3round.diff,https://github.com/ASSERT-KTH/sb-heists/tree/main/smartbugs-curated/0.4.x/test/unchecked_low_level_calls/0x07f7ecb66d788ab01dc93b9b71a88401de7d0f2e_test.js,False
366,0x23a91059fdc9579a9fbd0edc5f2ea0bfdb70deb4.sol,0x23a91059fdc9579a9fbd0edc5f2ea0bfdb70deb4.sol,reentrancy,SmartFix,True,True,1.0,1.0,True,passed,yes,https://github.com/ASSERT-KTH/RepairComp/blob/main/results/smartbugs/SmartFix/reentrancy/0x23a91059fdc9579a9fbd0edc5f2ea0bfdb70deb4/0x23a91059fdc9579a9fbd0edc5f2ea0bfdb70deb4.sol,https://github.com/smartbugs/smartbugs-curated/tree/main/dataset/reentrancy/0x23a91059fdc9579a9fbd0edc5f2ea0bfdb70deb4.sol,https://github.com/ASSERT-KTH/RepairComp/blob/main/results/smartbugs/SmartFix/reentrancy/0x23a91059fdc9579a9fbd0edc5f2ea0bfdb70deb4/0x23a91059fdc9579a9fbd0edc5f2ea0bfdb70deb4.diff,https://github.com/ASSERT-KTH/sb-heists/tree/main/smartbugs-curated/0.4.x/test/reentrancy/0x23a91059fdc9579a9fbd0edc5f2ea0bfdb70deb4_test.js,True
1197,0x2972d548497286d18e92b5fa1f8f9139e5653fd2U1.sol,0x2972d548497286d18e92b5fa1f8f9139e5653fd2.sol,unchecked_low_level_calls,TIPS,True,True,1.0,1.0,True,passed,yes,https://github.com/ASSERT-KTH/RepairComp/blob/main/results/smartbugs/TIPS/unchecked_low_level_calls/0x2972d548497286d18e92b5fa1f8f9139e5653fd2/0x2972d548497286d18e92b5fa1f8f9139e5653fd2U1.sol,https://github.com/smartbugs/smartbugs-curated/tree/main/dataset/unchecked_low_level_calls/0x2972d548497286d18e92b5fa1f8f9139e5653fd2.sol,https://github.com/ASSERT-KTH/RepairComp/blob/main/results/smartbugs/TIPS/unchecked_low_level_calls/0x2972d548497286d18e92b5fa1f8f9139e5653fd2/0x2972d548497286d18e92b5fa1f8f9139e5653fd2U1.diff,https://github.com/ASSERT-KTH/sb-heists/tree/main/smartbugs-curated/0.4.x/test/unchecked_low_level_calls/0x2972d548497286d18e92b5fa1f8f9139e5653fd2_test.js,True
1175,0x39cfd754c85023648bf003bea2dd498c5612abfaU1.sol,0x39cfd754c85023648bf003bea2dd498c5612abfa.sol,unchecked_low_level_calls,TIPS,True,True,1.0,1.0,True,passed,yes,https://github.com/ASSERT-KTH/RepairComp/blob/main/results/smartbugs/TIPS/unchecked_low_level_calls/0x39cfd754c85023648bf003bea2dd498c5612abfa/0x39cfd754c85023648bf003bea2dd498c5612abfaU1.sol,https://github.com/smartbugs/smartbugs-curated/tree/main/dataset/unchecked_low_level_calls/0x39cfd754c85023648bf003bea2dd498c5612abfa.sol,https://github.com/ASSERT-KTH/RepairComp/blob/main/results/smartbugs/TIPS/unchecked_low_level_calls/0x39cfd754c85023648bf003bea2dd498c5612abfa/0x39cfd754c85023648bf003bea2dd498c5612abfaU1.diff,https://github.com/ASSERT-KTH/sb-heists/tree/main/smartbugs-curated/0.4.x/test/unchecked_low_level_calls/0x39cfd754c85023648bf003bea2dd498c5612abfa_test.js,True
1121,0x3a0e9acd953ffc0dd18d63603488846a6b8b2b01U1.sol,0x3a0e9acd953ffc0dd18d63603488846a6b8b2b01.sol,unchecked_low_level_calls,TIPS,True,True,1.0,1.0,True,passed,yes,https://github.com/ASSERT-KTH/RepairComp/blob/main/results/smartbugs/TIPS/unchecked_low_level_calls/0x3a0e9acd953ffc0dd18d63603488846a6b8b2b01/0x3a0e9acd953ffc0dd18d63603488846a6b8b2b01U1.sol,https://github.com/smartbugs/smartbugs-curated/tree/main/dataset/unchecked_low_level_calls/0x3a0e9acd953ffc0dd18d63603488846a6b8b2b01.sol,https://github.com/ASSERT-KTH/RepairComp/blob/main/results/smartbugs/TIPS/unchecked_low_level_calls/0x3a0e9acd953ffc0dd18d63603488846a6b8b2b01/0x3a0e9acd953ffc0dd18d63603488846a6b8b2b01U1.diff,https://github.com/ASSERT-KTH/sb-heists/tree/main/smartbugs-curated/0.4.x/test/unchecked_low_level_calls/0x3a0e9acd953ffc0dd18d63603488846a6b8b2b01_test.js,True
636,0x4051334adc52057aca763453820cb0e045076ef3_2round.sol,0x4051334adc52057aca763453820cb0e045076ef3.sol,unchecked_low_level_calls,SolGPT,True,True,1.0,1.0,True,passed,yes,https://github.com/ASSERT-KTH/RepairComp/blob/main/results/smartbugs/SolGPT/unchecked_low_level_calls/0x4051334adc52057aca763453820cb0e045076ef3/0x4051334adc52057aca763453820cb0e045076ef3_2round.sol,https://github.com/smartbugs/smartbugs-curated/tree/main/dataset/unchecked_low_level_calls/0x4051334adc52057aca763453820cb0e045076ef3.sol,https://github.com/ASSERT-KTH/RepairComp/blob/main/results/smartbugs/SolGPT/unchecked_low_level_calls/0x4051334adc52057aca763453820cb0e045076ef3/0x4051334adc52057aca763453820cb0e045076ef3_2round.diff,https://github.com/ASSERT-KTH/sb-heists/tree/main/smartbugs-curated/0.4.x/test/unchecked_low_level_calls/0x4051334adc52057aca763453820cb0e045076ef3_test.js,True
351,0x4320e6f8c05b27ab4707cd1f6d5ce6f3e4b3a5a1.sol,0x4320e6f8c05b27ab4707cd1f6d5ce6f3e4b3a5a1.sol,reentrancy,SmartFix,True,True,1.0,1.0,True,passed,yes,https://github.com/ASSERT-KTH/RepairComp/blob/main/results/smartbugs/SmartFix/reentrancy/0x4320e6f8c05b27ab4707cd1f6d5ce6f3e4b3a5a1/0x4320e6f8c05b27ab4707cd1f6d5ce6f3e4b3a5a1.sol,https://github.com/smartbugs/smartbugs-curated/tree/main/dataset/reentrancy/0x4320e6f8c05b27ab4707cd1f6d5ce6f3e4b3a5a1.sol,https://github.com/ASSERT-KTH/RepairComp/blob/main/results/smartbugs/SmartFix/reentrancy/0x4320e6f8c05b27ab4707cd1f6d5ce6f3e4b3a5a1/0x4320e6f8c05b27ab4707cd1f6d5ce6f3e4b3a5a1.diff,https://github.com/ASSERT-KTH/sb-heists/tree/main/smartbugs-curated/0.4.x/test/reentrancy/0x4320e6f8c05b27ab4707cd1f6d5ce6f3e4b3a5a1_test.js,True
548,0x4b71ad9c1a84b9b643aa54fdd66e2dec96e8b152_4round.sol,0x4b71ad9c1a84b9b643aa54fdd66e2dec96e8b152.sol,unchecked_low_level_calls,SolGPT,True,True,1.0,1.0,True,passed,yes,https://github.com/ASSERT-KTH/RepairComp/blob/main/results/smartbugs/SolGPT/unchecked_low_level_calls/0x4b71ad9c1a84b9b643aa54fdd66e2dec96e8b152/0x4b71ad9c1a84b9b643aa54fdd66e2dec96e8b152_4round.sol,https://github.com/smartbugs/smartbugs-curated/tree/main/dataset/unchecked_low_level_calls/0x4b71ad9c1a84b9b643aa54fdd66e2dec96e8b152.sol,https://github.com/ASSERT-KTH/RepairComp/blob/main/results/smartbugs/SolGPT/unchecked_low_level_calls/0x4b71ad9c1a84b9b643aa54fdd66e2dec96e8b152/0x4b71ad9c1a84b9b643aa54fdd66e2dec96e8b152_4round.diff,https://github.com/ASSERT-KTH/sb-heists/tree/main/smartbugs-curated/0.4.x/test/unchecked_low_level_calls/0x4b71ad9c1a84b9b643aa54fdd66e2dec96e8b152_test.js,True
359,0x4e73b32ed6c35f570686b89848e5f39f20ecc106.sol,0x4e73b32ed6c35f570686b89848e5f39f20ecc106.sol,reentrancy,SmartFix,True,True,1.0,1.0,True,passed,yes,https://github.com/ASSERT-KTH/RepairComp/blob/main/results/smartbugs/SmartFix/reentrancy/0x4e73b32ed6c35f570686b89848e5f39f20ecc106/0x4e73b32ed6c35f570686b89848e5f39f20ecc106.sol,https://github.com/smartbugs/smartbugs-curated/tree/main/dataset/reentrancy/0x4e73b32ed6c35f570686b89848e5f39f20ecc106.sol,https://github.com/ASSERT-KTH/RepairComp/blob/main/results/smartbugs/SmartFix/reentrancy/0x4e73b32ed6c35f570686b89848e5f39f20ecc106/0x4e73b32ed6c35f570686b89848e5f39f20ecc106.diff,https://github.com/ASSERT-KTH/sb-heists/tree/main/smartbugs-curated/0.4.x/test/reentrancy/0x4e73b32ed6c35f570686b89848e5f39f20ecc106_test.js,True
1178,0x52d2e0f9b01101a59b38a3d05c80b7618aeed984U2.sol,0x52d2e0f9b01101a59b38a3d05c80b7618aeed984.sol,unchecked_low_level_calls,TIPS,True,True,1.0,1.0,True,passed,yes,https://github.com/ASSERT-KTH/RepairComp/blob/main/results/smartbugs/TIPS/unchecked_low_level_calls/0x52d2e0f9b01101a59b38a3d05c80b7618aeed984/0x52d2e0f9b01101a59b38a3d05c80b7618aeed984U2.sol,https://github.com/smartbugs/smartbugs-curated/tree/main/dataset/unchecked_low_level_calls/0x52d2e0f9b01101a59b38a3d05c80b7618aeed984.sol,https://github.com/ASSERT-KTH/RepairComp/blob/main/results/smartbugs/TIPS/unchecked_low_level_calls/0x52d2e0f9b01101a59b38a3d05c80b7618aeed984/0x52d2e0f9b01101a59b38a3d05c80b7618aeed984U2.diff,https://github.com/ASSERT-KTH/sb-heists/tree/main/smartbugs-curated/0.4.x/test/unchecked_low_level_calls/0x52d2e0f9b01101a59b38a3d05c80b7618aeed984_test.js,False
373,0x561eac93c92360949ab1f1403323e6db345cbf31.sol,0x561eac93c92360949ab1f1403323e6db345cbf31.sol,reentrancy,SmartFix,True,True,1.0,1.0,True,passed,yes,https://github.com/ASSERT-KTH/RepairComp/blob/main/results/smartbugs/SmartFix/reentrancy/0x561eac93c92360949ab1f1403323e6db345cbf31/0x561eac93c92360949ab1f1403323e6db345cbf31.sol,https://github.com/smartbugs/smartbugs-curated/tree/main/dataset/reentrancy/0x561eac93c92360949ab1f1403323e6db345cbf31.sol,https://github.com/ASSERT-KTH/RepairComp/blob/main/results/smartbugs/SmartFix/reentrancy/0x561eac93c92360949ab1f1403323e6db345cbf31/0x561eac93c92360949ab1f1403323e6db345cbf31.diff,https://github.com/ASSERT-KTH/sb-heists/tree/main/smartbugs-curated/0.4.x/test/reentrancy/0x561eac93c92360949ab1f1403323e6db345cbf31_test.js,True
1184,0x627fa62ccbb1c1b04ffaecd72a53e37fc0e17839R2U1.sol,0x627fa62ccbb1c1b04ffaecd72a53e37fc0e17839.sol,unchecked_low_level_calls,TIPS,True,True,1.0,1.0,True,passed,yes,https://github.com/ASSERT-KTH/RepairComp/blob/main/results/smartbugs/TIPS/unchecked_low_level_calls/0x627fa62ccbb1c1b04ffaecd72a53e37fc0e17839/0x627fa62ccbb1c1b04ffaecd72a53e37fc0e17839R2U1.sol,https://github.com/smartbugs/smartbugs-curated/tree/main/dataset/unchecked_low_level_calls/0x627fa62ccbb1c1b04ffaecd72a53e37fc0e17839.sol,https://github.com/ASSERT-KTH/RepairComp/blob/main/results/smartbugs/TIPS/unchecked_low_level_calls/0x627fa62ccbb1c1b04ffaecd72a53e37fc0e17839/0x627fa62ccbb1c1b04ffaecd72a53e37fc0e17839R2U1.diff,https://github.com/ASSERT-KTH/sb-heists/tree/main/smartbugs-curated/0.4.x/test/unchecked_low_level_calls/0x627fa62ccbb1c1b04ffaecd72a53e37fc0e17839_test.js,True
1155,0x663e4229142a27f00bafb5d087e1e730648314c3R1U2.sol,0x663e4229142a27f00bafb5d087e1e730648314c3.sol,unchecked_low_level_calls,TIPS,True,True,2.0,1.0,False,passed,yes,https://github.com/ASSERT-KTH/RepairComp/blob/main/results/smartbugs/TIPS/unchecked_low_level_calls/0x663e4229142a27f00bafb5d087e1e730648314c3/0x663e4229142a27f00bafb5d087e1e730648314c3R1U2.sol,https://github.com/smartbugs/smartbugs-curated/tree/main/dataset/unchecked_low_level_calls/0x663e4229142a27f00bafb5d087e1e730648314c3.sol,https://github.com/ASSERT-KTH/RepairComp/blob/main/results/smartbugs/TIPS/unchecked_low_level_calls/0x663e4229142a27f00bafb5d087e1e730648314c3/0x663e4229142a27f00bafb5d087e1e730648314c3R1U2.diff,https://github.com/ASSERT-KTH/sb-heists/tree/main/smartbugs-curated/0.4.x/test/unchecked_low_level_calls/0x663e4229142a27f00bafb5d087e1e730648314c3_test.js,False
371,0x7541b76cb60f4c60af330c208b0623b7f54bf615.sol,0x7541b76cb60f4c60af330c208b0623b7f54bf615.sol,reentrancy,SmartFix,True,True,1.0,1.0,True,passed,yes,https://github.com/ASSERT-KTH/RepairComp/blob/main/results/smartbugs/SmartFix/reentrancy/0x7541b76cb60f4c60af330c208b0623b7f54bf615/0x7541b76cb60f4c60af330c208b0623b7f54bf615.sol,https://github.com/smartbugs/smartbugs-curated/tree/main/dataset/reentrancy/0x7541b76cb60f4c60af330c208b0623b7f54bf615.sol,https://github.com/ASSERT-KTH/RepairComp/blob/main/results/smartbugs/SmartFix/reentrancy/0x7541b76cb60f4c60af330c208b0623b7f54bf615/0x7541b76cb60f4c60af330c208b0623b7f54bf615.diff,https://github.com/ASSERT-KTH/sb-heists/tree/main/smartbugs-curated/0.4.x/test/reentrancy/0x7541b76cb60f4c60af330c208b0623b7f54bf615_test.js,True
354,0x7a8721a9d64c74da899424c1b52acbf58ddc9782.sol,0x7a8721a9d64c74da899424c1b52acbf58ddc9782.sol,reentrancy,SmartFix,True,True,1.0,1.0,True,passed,yes,https://github.com/ASSERT-KTH/RepairComp/blob/main/results/smartbugs/SmartFix/reentrancy/0x7a8721a9d64c74da899424c1b52acbf58ddc9782/0x7a8721a9d64c74da899424c1b52acbf58ddc9782.sol,https://github.com/smartbugs/smartbugs-curated/tree/main/dataset/reentrancy/0x7a8721a9d64c74da899424c1b52acbf58ddc9782.sol,https://github.com/ASSERT-KTH/RepairComp/blob/main/results/smartbugs/SmartFix/reentrancy/0x7a8721a9d64c74da899424c1b52acbf58ddc9782/0x7a8721a9d64c74da899424c1b52acbf58ddc9782.diff,https://github.com/ASSERT-KTH/sb-heists/tree/main/smartbugs-curated/0.4.x/test/reentrancy/0x7a8721a9d64c74da899424c1b52acbf58ddc9782_test.js,True
368,0x7b368c4e805c3870b6c49a3f1f49f69af8662cf3.sol,0x7b368c4e805c3870b6c49a3f1f49f69af8662cf3.sol,reentrancy,SmartFix,True,True,1.0,1.0,True,passed,yes,https://github.com/ASSERT-KTH/RepairComp/blob/main/results/smartbugs/SmartFix/reentrancy/0x7b368c4e805c3870b6c49a3f1f49f69af8662cf3/0x7b368c4e805c3870b6c49a3f1f49f69af8662cf3.sol,https://github.com/smartbugs/smartbugs-curated/tree/main/dataset/reentrancy/0x7b368c4e805c3870b6c49a3f1f49f69af8662cf3.sol,https://github.com/ASSERT-KTH/RepairComp/blob/main/results/smartbugs/SmartFix/reentrancy/0x7b368c4e805c3870b6c49a3f1f49f69af8662cf3/0x7b368c4e805c3870b6c49a3f1f49f69af8662cf3.diff,https://github.com/ASSERT-KTH/sb-heists/tree/main/smartbugs-curated/0.4.x/test/reentrancy/0x7b368c4e805c3870b6c49a3f1f49f69af8662cf3_test.js,True
659,0x7d09edb07d23acb532a82be3da5c17d9d85806b4_3round.sol,0x7d09edb07d23acb532a82be3da5c17d9d85806b4.sol,unchecked_low_level_calls,SolGPT,True,True,2.0,2.0,True,passed,yes,https://github.com/ASSERT-KTH/RepairComp/blob/main/results/smartbugs/SolGPT/unchecked_low_level_calls/0x7d09edb07d23acb532a82be3da5c17d9d85806b4/0x7d09edb07d23acb532a82be3da5c17d9d85806b4_3round.sol,https://github.com/smartbugs/smartbugs-curated/tree/main/dataset/unchecked_low_level_calls/0x7d09edb07d23acb532a82be3da5c17d9d85806b4.sol,https://github.com/ASSERT-KTH/RepairComp/blob/main/results/smartbugs/SolGPT/unchecked_low_level_calls/0x7d09edb07d23acb532a82be3da5c17d9d85806b4/0x7d09edb07d23acb532a82be3da5c17d9d85806b4_3round.diff,https://github.com/ASSERT-KTH/sb-heists/tree/main/smartbugs-curated/0.4.x/test/unchecked_low_level_calls/0x7d09edb07d23acb532a82be3da5c17d9d85806b4_test.js,False
364,0x8c7777c45481dba411450c228cb692ac3d550344.sol,0x8c7777c45481dba411450c228cb692ac3d550344.sol,reentrancy,SmartFix,True,True,1.0,1.0,True,passed,yes,https://github.com/ASSERT-KTH/RepairComp/blob/main/results/smartbugs/SmartFix/reentrancy/0x8c7777c45481dba411450c228cb692ac3d550344/0x8c7777c45481dba411450c228cb692ac3d550344.sol,https://github.com/smartbugs/smartbugs-curated/tree/main/dataset/reentrancy/0x8c7777c45481dba411450c228cb692ac3d550344.sol,https://github.com/ASSERT-KTH/RepairComp/blob/main/results/smartbugs/SmartFix/reentrancy/0x8c7777c45481dba411450c228cb692ac3d550344/0x8c7777c45481dba411450c228cb692ac3d550344.diff,https://github.com/ASSERT-KTH/sb-heists/tree/main/smartbugs-curated/0.4.x/test/reentrancy/0x8c7777c45481dba411450c228cb692ac3d550344_test.js,True
1161,0x8fd1e427396ddb511533cf9abdbebd0a7e08da35U1.sol,0x8fd1e427396ddb511533cf9abdbebd0a7e08da35.sol,unchecked_low_level_calls,TIPS,True,True,1.0,1.0,True,passed,yes,https://github.com/ASSERT-KTH/RepairComp/blob/main/results/smartbugs/TIPS/unchecked_low_level_calls/0x8fd1e427396ddb511533cf9abdbebd0a7e08da35/0x8fd1e427396ddb511533cf9abdbebd0a7e08da35U1.sol,https://github.com/smartbugs/smartbugs-curated/tree/main/dataset/unchecked_low_level_calls/0x8fd1e427396ddb511533cf9abdbebd0a7e08da35.sol,https://github.com/ASSERT-KTH/RepairComp/blob/main/results/smartbugs/TIPS/unchecked_low_level_calls/0x8fd1e427396ddb511533cf9abdbebd0a7e08da35/0x8fd1e427396ddb511533cf9abdbebd0a7e08da35U1.diff,https://github.com/ASSERT-KTH/sb-heists/tree/main/smartbugs-curated/0.4.x/test/unchecked_low_level_calls/0x8fd1e427396ddb511533cf9abdbebd0a7e08da35_test.js,True
353,0x93c32845fae42c83a70e5f06214c8433665c2ab5.sol,0x93c32845fae42c83a70e5f06214c8433665c2ab5.sol,reentrancy,SmartFix,True,True,1.0,1.0,True,passed,yes,https://github.com/ASSERT-KTH/RepairComp/blob/main/results/smartbugs/SmartFix/reentrancy/0x93c32845fae42c83a70e5f06214c8433665c2ab5/0x93c32845fae42c83a70e5f06214c8433665c2ab5.sol,https://github.com/smartbugs/smartbugs-curated/tree/main/dataset/reentrancy/0x93c32845fae42c83a70e5f06214c8433665c2ab5.sol,https://github.com/ASSERT-KTH/RepairComp/blob/main/results/smartbugs/SmartFix/reentrancy/0x93c32845fae42c83a70e5f06214c8433665c2ab5/0x93c32845fae42c83a70e5f06214c8433665c2ab5.diff,https://github.com/ASSERT-KTH/sb-heists/tree/main/smartbugs-curated/0.4.x/test/reentrancy/0x93c32845fae42c83a70e5f06214c8433665c2ab5_test.js,True
363,0x941d225236464a25eb18076df7da6a91d0f95e9e.sol,0x941d225236464a25eb18076df7da6a91d0f95e9e.sol,reentrancy,SmartFix,True,True,1.0,1.0,True,passed,yes,https://github.com/ASSERT-KTH/RepairComp/blob/main/results/smartbugs/SmartFix/reentrancy/0x941d225236464a25eb18076df7da6a91d0f95e9e/0x941d225236464a25eb18076df7da6a91d0f95e9e.sol,https://github.com/smartbugs/smartbugs-curated/tree/main/dataset/reentrancy/0x941d225236464a25eb18076df7da6a91d0f95e9e.sol,https://github.com/ASSERT-KTH/RepairComp/blob/main/results/smartbugs/SmartFix/reentrancy/0x941d225236464a25eb18076df7da6a91d0f95e9e/0x941d225236464a25eb18076df7da6a91d0f95e9e.diff,https://github.com/ASSERT-KTH/sb-heists/tree/main/smartbugs-curated/0.4.x/test/reentrancy/0x941d225236464a25eb18076df7da6a91d0f95e9e_test.js,True
355,0x96edbe868531bd23a6c05e9d0c424ea64fb1b78b.sol,0x96edbe868531bd23a6c05e9d0c424ea64fb1b78b.sol,reentrancy,SmartFix,True,True,1.0,1.0,True,passed,yes,https://github.com/ASSERT-KTH/RepairComp/blob/main/results/smartbugs/SmartFix/reentrancy/0x96edbe868531bd23a6c05e9d0c424ea64fb1b78b/0x96edbe868531bd23a6c05e9d0c424ea64fb1b78b.sol,https://github.com/smartbugs/smartbugs-curated/tree/main/dataset/reentrancy/0x96edbe868531bd23a6c05e9d0c424ea64fb1b78b.sol,https://github.com/ASSERT-KTH/RepairComp/blob/main/results/smartbugs/SmartFix/reentrancy/0x96edbe868531bd23a6c05e9d0c424ea64fb1b78b/0x96edbe868531bd23a6c05e9d0c424ea64fb1b78b.diff,https://github.com/ASSERT-KTH/sb-heists/tree/main/smartbugs-curated/0.4.x/test/reentrancy/0x96edbe868531bd23a6c05e9d0c424ea64fb1b78b_test.js,True
560,0xa1fceeff3acc57d257b917e30c4df661401d6431_2round.sol,0xa1fceeff3acc57d257b917e30c4df661401d6431.sol,unchecked_low_level_calls,SolGPT,True,True,1.0,1.0,True,passed,yes,https://github.com/ASSERT-KTH/RepairComp/blob/main/results/smartbugs/SolGPT/unchecked_low_level_calls/0xa1fceeff3acc57d257b917e30c4df661401d6431/0xa1fceeff3acc57d257b917e30c4df661401d6431_2round.sol,https://github.com/smartbugs/smartbugs-curated/tree/main/dataset/unchecked_low_level_calls/0xa1fceeff3acc57d257b917e30c4df661401d6431.sol,https://github.com/ASSERT-KTH/RepairComp/blob/main/results/smartbugs/SolGPT/unchecked_low_level_calls/0xa1fceeff3acc57d257b917e30c4df661401d6431/0xa1fceeff3acc57d257b917e30c4df661401d6431_2round.diff,https://github.com/ASSERT-KTH/sb-heists/tree/main/smartbugs-curated/0.4.x/test/unchecked_low_level_calls/0xa1fceeff3acc57d257b917e30c4df661401d6431_test.js,True
724,0xa46edd6a9a93feec36576ee5048146870ea2c3ae_4round.sol,0xa46edd6a9a93feec36576ee5048146870ea2c3ae.sol,unchecked_low_level_calls,SolGPT,True,True,1.0,1.0,True,passed,yes,https://github.com/ASSERT-KTH/RepairComp/blob/main/results/smartbugs/SolGPT/unchecked_low_level_calls/0xa46edd6a9a93feec36576ee5048146870ea2c3ae/0xa46edd6a9a93feec36576ee5048146870ea2c3ae_4round.sol,https://github.com/smartbugs/smartbugs-curated/tree/main/dataset/unchecked_low_level_calls/0xa46edd6a9a93feec36576ee5048146870ea2c3ae.sol,https://github.com/ASSERT-KTH/RepairComp/blob/main/results/smartbugs/SolGPT/unchecked_low_level_calls/0xa46edd6a9a93feec36576ee5048146870ea2c3ae/0xa46edd6a9a93feec36576ee5048146870ea2c3ae_4round.diff,https://github.com/ASSERT-KTH/sb-heists/tree/main/smartbugs-curated/0.4.x/test/unchecked_low_level_calls/0xa46edd6a9a93feec36576ee5048146870ea2c3ae_test.js,True
360,0xaae1f51cf3339f18b6d3f3bdc75a5facd744b0b8.sol,0xaae1f51cf3339f18b6d3f3bdc75a5facd744b0b8.sol,reentrancy,SmartFix,True,True,1.0,1.0,True,passed,yes,https://github.com/ASSERT-KTH/RepairComp/blob/main/results/smartbugs/SmartFix/reentrancy/0xaae1f51cf3339f18b6d3f3bdc75a5facd744b0b8/0xaae1f51cf3339f18b6d3f3bdc75a5facd744b0b8.sol,https://github.com/smartbugs/smartbugs-curated/tree/main/dataset/reentrancy/0xaae1f51cf3339f18b6d3f3bdc75a5facd744b0b8.sol,https://github.com/ASSERT-KTH/RepairComp/blob/main/results/smartbugs/SmartFix/reentrancy/0xaae1f51cf3339f18b6d3f3bdc75a5facd744b0b8/0xaae1f51cf3339f18b6d3f3bdc75a5facd744b0b8.diff,https://github.com/ASSERT-KTH/sb-heists/tree/main/smartbugs-curated/0.4.x/test/reentrancy/0xaae1f51cf3339f18b6d3f3bdc75a5facd744b0b8_test.js,True
556,0xb11b2fed6c9354f7aa2f658d3b4d7b31d8a13b77_1round.sol,0xb11b2fed6c9354f7aa2f658d3b4d7b31d8a13b77.sol,unchecked_low_level_calls,SolGPT,True,True,1.0,1.0,True,passed,yes,https://github.com/ASSERT-KTH/RepairComp/blob/main/results/smartbugs/SolGPT/unchecked_low_level_calls/0xb11b2fed6c9354f7aa2f658d3b4d7b31d8a13b77/0xb11b2fed6c9354f7aa2f658d3b4d7b31d8a13b77_1round.sol,https://github.com/smartbugs/smartbugs-curated/tree/main/dataset/unchecked_low_level_calls/0xb11b2fed6c9354f7aa2f658d3b4d7b31d8a13b77.sol,https://github.com/ASSERT-KTH/RepairComp/blob/main/results/smartbugs/SolGPT/unchecked_low_level_calls/0xb11b2fed6c9354f7aa2f658d3b4d7b31d8a13b77/0xb11b2fed6c9354f7aa2f658d3b4d7b31d8a13b77_1round.diff,https://github.com/ASSERT-KTH/sb-heists/tree/main/smartbugs-curated/0.4.x/test/unchecked_low_level_calls/0xb11b2fed6c9354f7aa2f658d3b4d7b31d8a13b77_test.js,True
369,0xb5e1b1ee15c6fa0e48fce100125569d430f1bd12.sol,0xb5e1b1ee15c6fa0e48fce100125569d430f1bd12.sol,reentrancy,SmartFix,True,True,1.0,1.0,True,passed,yes,https://github.com/ASSERT-KTH/RepairComp/blob/main/results/smartbugs/SmartFix/reentrancy/0xb5e1b1ee15c6fa0e48fce100125569d430f1bd12/0xb5e1b1ee15c6fa0e48fce100125569d430f1bd12.sol,https://github.com/smartbugs/smartbugs-curated/tree/main/dataset/reentrancy/0xb5e1b1ee15c6fa0e48fce100125569d430f1bd12.sol,https://github.com/ASSERT-KTH/RepairComp/blob/main/results/smartbugs/SmartFix/reentrancy/0xb5e1b1ee15c6fa0e48fce100125569d430f1bd12/0xb5e1b1ee15c6fa0e48fce100125569d430f1bd12.diff,https://github.com/ASSERT-KTH/sb-heists/tree/main/smartbugs-curated/0.4.x/test/reentrancy/0xb5e1b1ee15c6fa0e48fce100125569d430f1bd12_test.js,True
640,0xb7c5c5aa4d42967efe906e1b66cb8df9cebf04f7_4round.sol,0xb7c5c5aa4d42967efe906e1b66cb8df9cebf04f7.sol,unchecked_low_level_calls,SolGPT,True,True,1.0,1.0,True,passed,yes,https://github.com/ASSERT-KTH/RepairComp/blob/main/results/smartbugs/SolGPT/unchecked_low_level_calls/0xb7c5c5aa4d42967efe906e1b66cb8df9cebf04f7/0xb7c5c5aa4d42967efe906e1b66cb8df9cebf04f7_4round.sol,https://github.com/smartbugs/smartbugs-curated/tree/main/dataset/unchecked_low_level_calls/0xb7c5c5aa4d42967efe906e1b66cb8df9cebf04f7.sol,https://github.com/ASSERT-KTH/RepairComp/blob/main/results/smartbugs/SolGPT/unchecked_low_level_calls/0xb7c5c5aa4d42967efe906e1b66cb8df9cebf04f7/0xb7c5c5aa4d42967efe906e1b66cb8df9cebf04f7_4round.diff,https://github.com/ASSERT-KTH/sb-heists/tree/main/smartbugs-curated/0.4.x/test/unchecked_low_level_calls/0xb7c5c5aa4d42967efe906e1b66cb8df9cebf04f7_test.js,True
361,0xb93430ce38ac4a6bb47fb1fc085ea669353fd89e.sol,0xb93430ce38ac4a6bb47fb1fc085ea669353fd89e.sol,reentrancy,SmartFix,True,True,1.0,1.0,True,passed,yes,https://github.com/ASSERT-KTH/RepairComp/blob/main/results/smartbugs/SmartFix/reentrancy/0xb93430ce38ac4a6bb47fb1fc085ea669353fd89e/0xb93430ce38ac4a6bb47fb1fc085ea669353fd89e.sol,https://github.com/smartbugs/smartbugs-curated/tree/main/dataset/reentrancy/0xb93430ce38ac4a6bb47fb1fc085ea669353fd89e.sol,https://github.com/ASSERT-KTH/RepairComp/blob/main/results/smartbugs/SmartFix/reentrancy/0xb93430ce38ac4a6bb47fb1fc085ea669353fd89e/0xb93430ce38ac4a6bb47fb1fc085ea669353fd89e.diff,https://github.com/ASSERT-KTH/sb-heists/tree/main/smartbugs-curated/0.4.x/test/reentrancy/0xb93430ce38ac4a6bb47fb1fc085ea669353fd89e_test.js,True
612,0xbaa3de6504690efb064420d89e871c27065cdd52_2round.sol,0xbaa3de6504690efb064420d89e871c27065cdd52.sol,unchecked_low_level_calls,SolGPT,True,True,1.0,1.0,True,passed,yes,https://github.com/ASSERT-KTH/RepairComp/blob/main/results/smartbugs/SolGPT/unchecked_low_level_calls/0xbaa3de6504690efb064420d89e871c27065cdd52/0xbaa3de6504690efb064420d89e871c27065cdd52_2round.sol,https://github.com/smartbugs/smartbugs-curated/tree/main/dataset/unchecked_low_level_calls/0xbaa3de6504690efb064420d89e871c27065cdd52.sol,https://github.com/ASSERT-KTH/RepairComp/blob/main/results/smartbugs/SolGPT/unchecked_low_level_calls/0xbaa3de6504690efb064420d89e871c27065cdd52/0xbaa3de6504690efb064420d89e871c27065cdd52_2round.diff,https://github.com/ASSERT-KTH/sb-heists/tree/main/smartbugs-curated/0.4.x/test/unchecked_low_level_calls/0xbaa3de6504690efb064420d89e871c27065cdd52_test.js,True
350,0xbaf51e761510c1a11bf48dd87c0307ac8a8c8a4f.sol,0xbaf51e761510c1a11bf48dd87c0307ac8a8c8a4f.sol,reentrancy,SmartFix,True,True,1.0,1.0,True,passed,yes,https://github.com/ASSERT-KTH/RepairComp/blob/main/results/smartbugs/SmartFix/reentrancy/0xbaf51e761510c1a11bf48dd87c0307ac8a8c8a4f/0xbaf51e761510c1a11bf48dd87c0307ac8a8c8a4f.sol,https://github.com/smartbugs/smartbugs-curated/tree/main/dataset/reentrancy/0xbaf51e761510c1a11bf48dd87c0307ac8a8c8a4f.sol,https://github.com/ASSERT-KTH/RepairComp/blob/main/results/smartbugs/SmartFix/reentrancy/0xbaf51e761510c1a11bf48dd87c0307ac8a8c8a4f/0xbaf51e761510c1a11bf48dd87c0307ac8a8c8a4f.diff,https://github.com/ASSERT-KTH/sb-heists/tree/main/smartbugs-curated/0.4.x/test/reentrancy/0xbaf51e761510c1a11bf48dd87c0307ac8a8c8a4f_test.js,True
374,0xbe4041d55db380c5ae9d4a9b9703f1ed4e7e3888.sol,0xbe4041d55db380c5ae9d4a9b9703f1ed4e7e3888.sol,reentrancy,SmartFix,True,True,1.0,1.0,True,passed,yes,https://github.com/ASSERT-KTH/RepairComp/blob/main/results/smartbugs/SmartFix/reentrancy/0xbe4041d55db380c5ae9d4a9b9703f1ed4e7e3888/0xbe4041d55db380c5ae9d4a9b9703f1ed4e7e3888.sol,https://github.com/smartbugs/smartbugs-curated/tree/main/dataset/reentrancy/0xbe4041d55db380c5ae9d4a9b9703f1ed4e7e3888.sol,https://github.com/ASSERT-KTH/RepairComp/blob/main/results/smartbugs/SmartFix/reentrancy/0xbe4041d55db380c5ae9d4a9b9703f1ed4e7e3888/0xbe4041d55db380c5ae9d4a9b9703f1ed4e7e3888.diff,https://github.com/ASSERT-KTH/sb-heists/tree/main/smartbugs-curated/0.4.x/test/reentrancy/0xbe4041d55db380c5ae9d4a9b9703f1ed4e7e3888_test.js,True
608,0xbebbfe5b549f5db6e6c78ca97cac19d1fb03082c_4round.sol,0xbebbfe5b549f5db6e6c78ca97cac19d1fb03082c.sol,unchecked_low_level_calls,SolGPT,True,True,1.0,1.0,True,passed,yes,https://github.com/ASSERT-KTH/RepairComp/blob/main/results/smartbugs/SolGPT/unchecked_low_level_calls/0xbebbfe5b549f5db6e6c78ca97cac19d1fb03082c/0xbebbfe5b549f5db6e6c78ca97cac19d1fb03082c_4round.sol,https://github.com/smartbugs/smartbugs-curated/tree/main/dataset/unchecked_low_level_calls/0xbebbfe5b549f5db6e6c78ca97cac19d1fb03082c.sol,https://github.com/ASSERT-KTH/RepairComp/blob/main/results/smartbugs/SolGPT/unchecked_low_level_calls/0xbebbfe5b549f5db6e6c78ca97cac19d1fb03082c/0xbebbfe5b549f5db6e6c78ca97cac19d1fb03082c_4round.diff,https://github.com/ASSERT-KTH/sb-heists/tree/main/smartbugs-curated/0.4.x/test/unchecked_low_level_calls/0xbebbfe5b549f5db6e6c78ca97cac19d1fb03082c_test.js,True
352,0xcead721ef5b11f1a7b530171aab69b16c5e66b6e.sol,0xcead721ef5b11f1a7b530171aab69b16c5e66b6e.sol,reentrancy,SmartFix,True,True,1.0,1.0,True,passed,yes,https://github.com/ASSERT-KTH/RepairComp/blob/main/results/smartbugs/SmartFix/reentrancy/0xcead721ef5b11f1a7b530171aab69b16c5e66b6e/0xcead721ef5b11f1a7b530171aab69b16c5e66b6e.sol,https://github.com/smartbugs/smartbugs-curated/tree/main/dataset/reentrancy/0xcead721ef5b11f1a7b530171aab69b16c5e66b6e.sol,https://github.com/ASSERT-KTH/RepairComp/blob/main/results/smartbugs/SmartFix/reentrancy/0xcead721ef5b11f1a7b530171aab69b16c5e66b6e/0xcead721ef5b11f1a7b530171aab69b16c5e66b6e.diff,https://github.com/ASSERT-KTH/sb-heists/tree/main/smartbugs-curated/0.4.x/test/reentrancy/0xcead721ef5b11f1a7b530171aab69b16c5e66b6e_test.js,True
688,0xd5967fed03e85d1cce44cab284695b41bc675b5c_2round.sol,0xd5967fed03e85d1cce44cab284695b41bc675b5c.sol,unchecked_low_level_calls,SolGPT,True,True,1.0,1.0,True,passed,yes,https://github.com/ASSERT-KTH/RepairComp/blob/main/results/smartbugs/SolGPT/unchecked_low_level_calls/0xd5967fed03e85d1cce44cab284695b41bc675b5c/0xd5967fed03e85d1cce44cab284695b41bc675b5c_2round.sol,https://github.com/smartbugs/smartbugs-curated/tree/main/dataset/unchecked_low_level_calls/0xd5967fed03e85d1cce44cab284695b41bc675b5c.sol,https://github.com/ASSERT-KTH/RepairComp/blob/main/results/smartbugs/SolGPT/unchecked_low_level_calls/0xd5967fed03e85d1cce44cab284695b41bc675b5c/0xd5967fed03e85d1cce44cab284695b41bc675b5c_2round.diff,https://github.com/ASSERT-KTH/sb-heists/tree/main/smartbugs-curated/0.4.x/test/unchecked_low_level_calls/0xd5967fed03e85d1cce44cab284695b41bc675b5c_test.js,True
536,0xe894d54dca59cb53fe9cbc5155093605c7068220_2round.sol,0xe894d54dca59cb53fe9cbc5155093605c7068220.sol,unchecked_low_level_calls,SolGPT,True,True,1.0,1.0,True,passed,yes,https://github.com/ASSERT-KTH/RepairComp/blob/main/results/smartbugs/SolGPT/unchecked_low_level_calls/0xe894d54dca59cb53fe9cbc5155093605c7068220/0xe894d54dca59cb53fe9cbc5155093605c7068220_2round.sol,https://github.com/smartbugs/smartbugs-curated/tree/main/dataset/unchecked_low_level_calls/0xe894d54dca59cb53fe9cbc5155093605c7068220.sol,https://github.com/ASSERT-KTH/RepairComp/blob/main/results/smartbugs/SolGPT/unchecked_low_level_calls/0xe894d54dca59cb53fe9cbc5155093605c7068220/0xe894d54dca59cb53fe9cbc5155093605c7068220_2round.diff,https://github.com/ASSERT-KTH/sb-heists/tree/main/smartbugs-curated/0.4.x/test/unchecked_low_level_calls/0xe894d54dca59cb53fe9cbc5155093605c7068220_test.js,True
358,0xf015c35649c82f5467c9c74b7f28ee67665aad68.sol,0xf015c35649c82f5467c9c74b7f28ee67665aad68.sol,reentrancy,SmartFix,True,True,1.0,1.0,True,passed,yes,https://github.com/ASSERT-KTH/RepairComp/blob/main/results/smartbugs/SmartFix/reentrancy/0xf015c35649c82f5467c9c74b7f28ee67665aad68/0xf015c35649c82f5467c9c74b7f28ee67665aad68.sol,https://github.com/smartbugs/smartbugs-curated/tree/main/dataset/reentrancy/0xf015c35649c82f5467c9c74b7f28ee67665aad68.sol,https://github.com/ASSERT-KTH/RepairComp/blob/main/results/smartbugs/SmartFix/reentrancy/0xf015c35649c82f5467c9c74b7f28ee67665aad68/0xf015c35649c82f5467c9c74b7f28ee67665aad68.diff,https://github.com/ASSERT-KTH/sb-heists/tree/main/smartbugs-curated/0.4.x/test/reentrancy/0xf015c35649c82f5467c9c74b7f28ee67665aad68_test.js,True
342,BECToken.sol,BECToken.sol,arithmetic,SmartFix,True,True,1.0,1.0,True,passed,yes,https://github.com/ASSERT-KTH/RepairComp/blob/main/results/smartbugs/SmartFix/arithmetic/BECToken/BECToken.sol,https://github.com/smartbugs/smartbugs-curated/tree/main/dataset/arithmetic/BECToken.sol,https://github.com/ASSERT-KTH/RepairComp/blob/main/results/smartbugs/SmartFix/arithmetic/BECToken/BECToken.diff,https://github.com/ASSERT-KTH/sb-heists/tree/main/smartbugs-curated/0.4.x/test/arithmetic/BECToken_test.js,False
1035,FibonacciBalance_3round.sol,FibonacciBalance.sol,access_control,SolGPT,True,True,2.0,0.0,False,passed,yes,https://github.com/ASSERT-KTH/RepairComp/blob/main/results/smartbugs/SolGPT/access_control/FibonacciBalance/FibonacciBalance_3round.sol,https://github.com/smartbugs/smartbugs-curated/tree/main/dataset/access_control/FibonacciBalance.sol,https://github.com/ASSERT-KTH/RepairComp/blob/main/results/smartbugs/SolGPT/access_control/FibonacciBalance/FibonacciBalance_3round.diff,https://github.com/ASSERT-KTH/sb-heists/tree/main/smartbugs-curated/0.4.x/test/access_control/FibonacciBalance_test.js,False
384,arbitrary_location_write_simple.sol,arbitrary_location_write_simple.sol,access_control,SmartFix,True,True,0.0,0.0,False,passed,yes,https://github.com/ASSERT-KTH/RepairComp/blob/main/results/smartbugs/SmartFix/access_control/arbitrary_location_write_simple/arbitrary_location_write_simple.sol,https://github.com/smartbugs/smartbugs-curated/tree/main/dataset/access_control/arbitrary_location_write_simple.sol,https://github.com/ASSERT-KTH/RepairComp/blob/main/results/smartbugs/SmartFix/access_control/arbitrary_location_write_simple/arbitrary_location_write_simple.diff,https://github.com/ASSERT-KTH/sb-heists/tree/main/smartbugs-curated/0.4.x/test/access_control/arbitrary_location_write_simple_test.js,False
763,blackjack_3round.sol,blackjack.sol,bad_randomness,SolGPT,True,True,1.0,1.0,True,passed,yes,https://github.com/ASSERT-KTH/RepairComp/blob/main/results/smartbugs/SolGPT/bad_randomness/blackjack/blackjack_3round.sol,https://github.com/smartbugs/smartbugs-curated/tree/main/dataset/bad_randomness/blackjack.sol,https://github.com/ASSERT-KTH/RepairComp/blob/main/results/smartbugs/SolGPT/bad_randomness/blackjack/blackjack_3round.diff,https://github.com/ASSERT-KTH/sb-heists/tree/main/smartbugs-curated/0.4.x/test/bad_randomness/blackjack_test.js,False
1007,crypto_roulette_2round.sol,crypto_roulette.sol,other,SolGPT,True,True,1.0,1.0,True,passed,yes,https://github.com/ASSERT-KTH/RepairComp/blob/main/results/smartbugs/SolGPT/other/crypto_roulette/crypto_roulette_2round.sol,https://github.com/smartbugs/smartbugs-curated/tree/main/dataset/other/crypto_roulette.sol,https://github.com/ASSERT-KTH/RepairComp/blob/main/results/smartbugs/SolGPT/other/crypto_roulette/crypto_roulette_2round.diff,https://github.com/ASSERT-KTH/sb-heists/tree/main/smartbugs-curated/0.4.x/test/other/crypto_roulette_test.js,True
971,ether_lotto_3round.sol,ether_lotto.sol,time_manipulation,SolGPT,True,True,0.0,0.0,False,passed,yes,https://github.com/ASSERT-KTH/RepairComp/blob/main/results/smartbugs/SolGPT/time_manipulation/ether_lotto/ether_lotto_3round.sol,https://github.com/smartbugs/smartbugs-curated/tree/main/dataset/time_manipulation/ether_lotto.sol,https://github.com/ASSERT-KTH/RepairComp/blob/main/results/smartbugs/SolGPT/time_manipulation/ether_lotto/ether_lotto_3round.diff,https://github.com/ASSERT-KTH/sb-heists/tree/main/smartbugs-curated/0.4.x/test/time_manipulation/ether_lotto_test.js,False
764,etheraffle_3round.sol,etheraffle.sol,bad_randomness,SolGPT,True,True,0.0,0.0,False,passed,yes,https://github.com/ASSERT-KTH/RepairComp/blob/main/results/smartbugs/SolGPT/bad_randomness/etheraffle/etheraffle_3round.sol,https://github.com/smartbugs/smartbugs-curated/tree/main/dataset/bad_randomness/etheraffle.sol,https://github.com/ASSERT-KTH/RepairComp/blob/main/results/smartbugs/SolGPT/bad_randomness/etheraffle/etheraffle_3round.diff,https://github.com/ASSERT-KTH/sb-heists/tree/main/smartbugs-curated/0.4.x/test/bad_randomness/etheraffle_test.js,False
365,etherstore.sol,etherstore.sol,reentrancy,SmartFix,True,True,1.0,1.0,True,passed,yes,https://github.com/ASSERT-KTH/RepairComp/blob/main/results/smartbugs/SmartFix/reentrancy/etherstore/etherstore.sol,https://github.com/smartbugs/smartbugs-curated/tree/main/dataset/reentrancy/etherstore.sol,https://github.com/ASSERT-KTH/RepairComp/blob/main/results/smartbugs/SmartFix/reentrancy/etherstore/etherstore.diff,https://github.com/ASSERT-KTH/sb-heists/tree/main/smartbugs-curated/0.4.x/test/reentrancy/etherstore_test.js,True
394,incorrect_constructor_name1.sol,incorrect_constructor_name1.sol,access_control,SmartFix,True,True,1.0,1.0,True,passed,yes,https://github.com/ASSERT-KTH/RepairComp/blob/main/results/smartbugs/SmartFix/access_control/incorrect_constructor_name1/incorrect_constructor_name1.sol,https://github.com/smartbugs/smartbugs-curated/tree/main/dataset/access_control/incorrect_constructor_name1.sol,https://github.com/ASSERT-KTH/RepairComp/blob/main/results/smartbugs/SmartFix/access_control/incorrect_constructor_name1/incorrect_constructor_name1.diff,https://github.com/ASSERT-KTH/sb-heists/tree/main/smartbugs-curated/0.4.x/test/access_control/incorrect_constructor_name1_test.js,False
389,incorrect_constructor_name2.sol,incorrect_constructor_name2.sol,access_control,SmartFix,True,True,1.0,1.0,True,passed,yes,https://github.com/ASSERT-KTH/RepairComp/blob/main/results/smartbugs/SmartFix/access_control/incorrect_constructor_name2/incorrect_constructor_name2.sol,https://github.com/smartbugs/smartbugs-curated/tree/main/dataset/access_control/incorrect_constructor_name2.sol,https://github.com/ASSERT-KTH/RepairComp/blob/main/results/smartbugs/SmartFix/access_control/incorrect_constructor_name2/incorrect_constructor_name2.diff,https://github.com/ASSERT-KTH/sb-heists/tree/main/smartbugs-curated/0.4.x/test/access_control/incorrect_constructor_name2_test.js,False
385,incorrect_constructor_name3.sol,incorrect_constructor_name3.sol,access_control,SmartFix,True,True,1.0,1.0,True,passed,yes,https://github.com/ASSERT-KTH/RepairComp/blob/main/results/smartbugs/SmartFix/access_control/incorrect_constructor_name3/incorrect_constructor_name3.sol,https://github.com/smartbugs/smartbugs-curated/tree/main/dataset/access_control/incorrect_constructor_name3.sol,https://github.com/ASSERT-KTH/RepairComp/blob/main/results/smartbugs/SmartFix/access_control/incorrect_constructor_name3/incorrect_constructor_name3.diff,https://github.com/ASSERT-KTH/sb-heists/tree/main/smartbugs-curated/0.4.x/test/access_control/incorrect_constructor_name3_test.js,False
341,integer_overflow_1.sol,integer_overflow_1.sol,arithmetic,SmartFix,True,True,1.0,1.0,True,passed,yes,https://github.com/ASSERT-KTH/RepairComp/blob/main/results/smartbugs/SmartFix/arithmetic/integer_overflow_1/integer_overflow_1.sol,https://github.com/smartbugs/smartbugs-curated/tree/main/dataset/arithmetic/integer_overflow_1.sol,https://github.com/ASSERT-KTH/RepairComp/blob/main/results/smartbugs/SmartFix/arithmetic/integer_overflow_1/integer_overflow_1.diff,https://github.com/ASSERT-KTH/sb-heists/tree/main/smartbugs-curated/0.4.x/test/arithmetic/integer_overflow_1_test.js,False
334,integer_overflow_add.sol,integer_overflow_add.sol,arithmetic,SmartFix,True,True,1.0,1.0,True,passed,yes,https://github.com/ASSERT-KTH/RepairComp/blob/main/results/smartbugs/SmartFix/arithmetic/integer_overflow_add/integer_overflow_add.sol,https://github.com/smartbugs/smartbugs-curated/tree/main/dataset/arithmetic/integer_overflow_add.sol,https://github.com/ASSERT-KTH/RepairComp/blob/main/results/smartbugs/SmartFix/arithmetic/integer_overflow_add/integer_overflow_add.diff,https://github.com/ASSERT-KTH/sb-heists/tree/main/smartbugs-curated/0.4.x/test/arithmetic/integer_overflow_add_test.js,False
343,integer_overflow_mapping_sym_1.sol,integer_overflow_mapping_sym_1.sol,arithmetic,SmartFix,True,True,1.0,1.0,True,passed,yes,https://github.com/ASSERT-KTH/RepairComp/blob/main/results/smartbugs/SmartFix/arithmetic/integer_overflow_mapping_sym_1/integer_overflow_mapping_sym_1.sol,https://github.com/smartbugs/smartbugs-curated/tree/main/dataset/arithmetic/integer_overflow_mapping_sym_1.sol,https://github.com/ASSERT-KTH/RepairComp/blob/main/results/smartbugs/SmartFix/arithmetic/integer_overflow_mapping_sym_1/integer_overflow_mapping_sym_1.diff,https://github.com/ASSERT-KTH/sb-heists/tree/main/smartbugs-curated/0.4.x/test/arithmetic/integer_overflow_mapping_sym_1_test.js,False
344,integer_overflow_minimal.sol,integer_overflow_minimal.sol,arithmetic,SmartFix,True,True,1.0,1.0,True,passed,yes,https://github.com/ASSERT-KTH/RepairComp/blob/main/results/smartbugs/SmartFix/arithmetic/integer_overflow_minimal/integer_overflow_minimal.sol,https://github.com/smartbugs/smartbugs-curated/tree/main/dataset/arithmetic/integer_overflow_minimal.sol,https://github.com/ASSERT-KTH/RepairComp/blob/main/results/smartbugs/SmartFix/arithmetic/integer_overflow_minimal/integer_overflow_minimal.diff,https://github.com/ASSERT-KTH/sb-heists/tree/main/smartbugs-curated/0.4.x/test/arithmetic/integer_overflow_minimal_test.js,False
780,integer_overflow_mul_1round.sol,integer_overflow_mul.sol,arithmetic,SolGPT,True,True,0.0,0.0,False,passed,yes,https://github.com/ASSERT-KTH/RepairComp/blob/main/results/smartbugs/SolGPT/arithmetic/integer_overflow_mul/integer_overflow_mul_1round.sol,https://github.com/smartbugs/smartbugs-curated/tree/main/dataset/arithmetic/integer_overflow_mul.sol,https://github.com/ASSERT-KTH/RepairComp/blob/main/results/smartbugs/SolGPT/arithmetic/integer_overflow_mul/integer_overflow_mul_1round.diff,https://github.com/ASSERT-KTH/sb-heists/tree/main/smartbugs-curated/0.4.x/test/arithmetic/integer_overflow_mul_test.js,False
345,integer_overflow_multitx_multifunc_feasible.sol,integer_overflow_multitx_multifunc_feasible.sol,arithmetic,SmartFix,True,True,1.0,1.0,True,passed,yes,https://github.com/ASSERT-KTH/RepairComp/blob/main/results/smartbugs/SmartFix/arithmetic/integer_overflow_multitx_multifunc_feasible/integer_overflow_multitx_multifunc_feasible.sol,https://github.com/smartbugs/smartbugs-curated/tree/main/dataset/arithmetic/integer_overflow_multitx_multifunc_feasible.sol,https://github.com/ASSERT-KTH/RepairComp/blob/main/results/smartbugs/SmartFix/arithmetic/integer_overflow_multitx_multifunc_feasible/integer_overflow_multitx_multifunc_feasible.diff,https://github.com/ASSERT-KTH/sb-heists/tree/main/smartbugs-curated/0.4.x/test/arithmetic/integer_overflow_multitx_multifunc_feasible_test.js,False
337,integer_overflow_multitx_onefunc_feasible.sol,integer_overflow_multitx_onefunc_feasible.sol,arithmetic,SmartFix,True,True,1.0,1.0,True,passed,yes,https://github.com/ASSERT-KTH/RepairComp/blob/main/results/smartbugs/SmartFix/arithmetic/integer_overflow_multitx_onefunc_feasible/integer_overflow_multitx_onefunc_feasible.sol,https://github.com/smartbugs/smartbugs-curated/tree/main/dataset/arithmetic/integer_overflow_multitx_onefunc_feasible.sol,https://github.com/ASSERT-KTH/RepairComp/blob/main/results/smartbugs/SmartFix/arithmetic/integer_overflow_multitx_onefunc_feasible/integer_overflow_multitx_onefunc_feasible.diff,https://github.com/ASSERT-KTH/sb-heists/tree/main/smartbugs-curated/0.4.x/test/arithmetic/integer_overflow_multitx_onefunc_feasible_test.js,False
1072,mapping_write_3round.sol,mapping_write.sol,access_control,SolGPT,True,True,1.0,1.0,True,passed,yes,https://github.com/ASSERT-KTH/RepairComp/blob/main/results/smartbugs/SolGPT/access_control/mapping_write/mapping_write_3round.sol,https://github.com/smartbugs/smartbugs-curated/tree/main/dataset/access_control/mapping_write.sol,https://github.com/ASSERT-KTH/RepairComp/blob/main/results/smartbugs/SolGPT/access_control/mapping_write/mapping_write_3round.diff,https://github.com/ASSERT-KTH/sb-heists/tree/main/smartbugs-curated/0.4.x/test/access_control/mapping_write_test.js,False
375,modifier_reentrancy.sol,modifier_reentrancy.sol,reentrancy,SmartFix,True,True,1.0,1.0,True,passed,yes,https://github.com/ASSERT-KTH/RepairComp/blob/main/results/smartbugs/SmartFix/reentrancy/modifier_reentrancy/modifier_reentrancy.sol,https://github.com/smartbugs/smartbugs-curated/tree/main/dataset/reentrancy/modifier_reentrancy.sol,https://github.com/ASSERT-KTH/RepairComp/blob/main/results/smartbugs/SmartFix/reentrancy/modifier_reentrancy/modifier_reentrancy.diff,https://github.com/ASSERT-KTH/sb-heists/tree/main/smartbugs-curated/0.4.x/test/reentrancy/modifier_reentrancy_test.js,False
396,mycontract.sol,mycontract.sol,access_control,SmartFix,True,True,2.0,2.0,True,passed,yes,https://github.com/ASSERT-KTH/RepairComp/blob/main/results/smartbugs/SmartFix/access_control/mycontract/mycontract.sol,https://github.com/smartbugs/smartbugs-curated/tree/main/dataset/access_control/mycontract.sol,https://github.com/ASSERT-KTH/RepairComp/blob/main/results/smartbugs/SmartFix/access_control/mycontract/mycontract.diff,https://github.com/ASSERT-KTH/sb-heists/tree/main/smartbugs-curated/0.4.x/test/access_control/mycontract_test.js,True
1015,name_registrar_1round.sol,name_registrar.sol,other,SolGPT,True,True,1.0,1.0,True,passed,yes,https://github.com/ASSERT-KTH/RepairComp/blob/main/results/smartbugs/SolGPT/other/name_registrar/name_registrar_1round.sol,https://github.com/smartbugs/smartbugs-curated/tree/main/dataset/other/name_registrar.sol,https://github.com/ASSERT-KTH/RepairComp/blob/main/results/smartbugs/SolGPT/other/name_registrar/name_registrar_1round.diff,https://github.com/ASSERT-KTH/sb-heists/tree/main/smartbugs-curated/0.4.x/test/other/name_registrar_test.js,True
746,old_blockhash_1round.sol,old_blockhash.sol,bad_randomness,SolGPT,True,True,0.0,0.0,False,passed,yes,https://github.com/ASSERT-KTH/RepairComp/blob/main/results/smartbugs/SolGPT/bad_randomness/old_blockhash/old_blockhash_1round.sol,https://github.com/smartbugs/smartbugs-curated/tree/main/dataset/bad_randomness/old_blockhash.sol,https://github.com/ASSERT-KTH/RepairComp/blob/main/results/smartbugs/SolGPT/bad_randomness/old_blockhash/old_blockhash_1round.diff,https://github.com/ASSERT-KTH/sb-heists/tree/main/smartbugs-curated/0.4.x/test/bad_randomness/old_blockhash_test.js,False
339,overflow_simple_add.sol,overflow_simple_add.sol,arithmetic,SmartFix,True,True,1.0,1.0,True,passed,yes,https://github.com/ASSERT-KTH/RepairComp/blob/main/results/smartbugs/SmartFix/arithmetic/overflow_simple_add/overflow_simple_add.sol,https://github.com/smartbugs/smartbugs-curated/tree/main/dataset/arithmetic/overflow_simple_add.sol,https://github.com/ASSERT-KTH/RepairComp/blob/main/results/smartbugs/SmartFix/arithmetic/overflow_simple_add/overflow_simple_add.diff,https://github.com/ASSERT-KTH/sb-heists/tree/main/smartbugs-curated/0.4.x/test/arithmetic/overflow_simple_add_test.js,False
338,overflow_single_tx.sol,overflow_single_tx.sol,arithmetic,SmartFix,True,True,6.0,4.0,False,passed,yes,https://github.com/ASSERT-KTH/RepairComp/blob/main/results/smartbugs/SmartFix/arithmetic/overflow_single_tx/overflow_single_tx.sol,https://github.com/smartbugs/smartbugs-curated/tree/main/dataset/arithmetic/overflow_single_tx.sol,https://github.com/ASSERT-KTH/RepairComp/blob/main/results/smartbugs/SmartFix/arithmetic/overflow_single_tx/overflow_single_tx.diff,https://github.com/ASSERT-KTH/sb-heists/tree/main/smartbugs-curated/0.4.x/test/arithmetic/overflow_single_tx_test.js,False
387,phishable.sol,phishable.sol,access_control,SmartFix,True,True,2.0,2.0,True,passed,yes,https://github.com/ASSERT-KTH/RepairComp/blob/main/results/smartbugs/SmartFix/access_control/phishable/phishable.sol,https://github.com/smartbugs/smartbugs-curated/tree/main/dataset/access_control/phishable.sol,https://github.com/ASSERT-KTH/RepairComp/blob/main/results/smartbugs/SmartFix/access_control/phishable/phishable.diff,https://github.com/ASSERT-KTH/sb-heists/tree/main/smartbugs-curated/0.4.x/test/access_control/phishable_test.js,True
1039,proxy_3round.sol,proxy.sol,access_control,SolGPT,True,True,1.0,1.0,True,passed,yes,https://github.com/ASSERT-KTH/RepairComp/blob/main/results/smartbugs/SolGPT/access_control/proxy/proxy_3round.sol,https://github.com/smartbugs/smartbugs-curated/tree/main/dataset/access_control/proxy.sol,https://github.com/ASSERT-KTH/RepairComp/blob/main/results/smartbugs/SolGPT/access_control/proxy/proxy_3round.diff,https://github.com/ASSERT-KTH/sb-heists/tree/main/smartbugs-curated/0.4.x/test/access_control/proxy_test.js,True
367,reentrance.sol,reentrance.sol,reentrancy,SmartFix,True,True,1.0,1.0,True,passed,yes,https://github.com/ASSERT-KTH/RepairComp/blob/main/results/smartbugs/SmartFix/reentrancy/reentrance/reentrance.sol,https://github.com/smartbugs/smartbugs-curated/tree/main/dataset/reentrancy/reentrance.sol,https://github.com/ASSERT-KTH/RepairComp/blob/main/results/smartbugs/SmartFix/reentrancy/reentrance/reentrance.diff,https://github.com/ASSERT-KTH/sb-heists/tree/main/smartbugs-curated/0.4.x/test/reentrancy/reentrance_test.js,True
356,reentrancy_bonus.sol,reentrancy_bonus.sol,reentrancy,SmartFix,True,True,1.0,1.0,True,passed,yes,https://github.com/ASSERT-KTH/RepairComp/blob/main/results/smartbugs/SmartFix/reentrancy/reentrancy_bonus/reentrancy_bonus.sol,https://github.com/smartbugs/smartbugs-curated/tree/main/dataset/reentrancy/reentrancy_bonus.sol,https://github.com/ASSERT-KTH/RepairComp/blob/main/results/smartbugs/SmartFix/reentrancy/reentrancy_bonus/reentrancy_bonus.diff,https://github.com/ASSERT-KTH/sb-heists/tree/main/smartbugs-curated/0.4.x/test/reentrancy/reentrancy_bonus_test.js,False
370,reentrancy_dao.sol,reentrancy_dao.sol,reentrancy,SmartFix,True,True,1.0,1.0,True,passed,yes,https://github.com/ASSERT-KTH/RepairComp/blob/main/results/smartbugs/SmartFix/reentrancy/reentrancy_dao/reentrancy_dao.sol,https://github.com/smartbugs/smartbugs-curated/tree/main/dataset/reentrancy/reentrancy_dao.sol,https://github.com/ASSERT-KTH/RepairComp/blob/main/results/smartbugs/SmartFix/reentrancy/reentrancy_dao/reentrancy_dao.diff,https://github.com/ASSERT-KTH/sb-heists/tree/main/smartbugs-curated/0.4.x/test/reentrancy/reentrancy_dao_test.js,True
348,reentrancy_simple.sol,reentrancy_simple.sol,reentrancy,SmartFix,True,True,1.0,1.0,True,passed,yes,https://github.com/ASSERT-KTH/RepairComp/blob/main/results/smartbugs/SmartFix/reentrancy/reentrancy_simple/reentrancy_simple.sol,https://github.com/smartbugs/smartbugs-curated/tree/main/dataset/reentrancy/reentrancy_simple.sol,https://github.com/ASSERT-KTH/RepairComp/blob/main/results/smartbugs/SmartFix/reentrancy/reentrancy_simple/reentrancy_simple.diff,https://github.com/ASSERT-KTH/sb-heists/tree/main/smartbugs-curated/0.4.x/test/reentrancy/reentrancy_simple_test.js,True
975,roulette_4round.sol,roulette.sol,time_manipulation,SolGPT,True,True,0.0,0.0,False,passed,yes,https://github.com/ASSERT-KTH/RepairComp/blob/main/results/smartbugs/SolGPT/time_manipulation/roulette/roulette_4round.sol,https://github.com/smartbugs/smartbugs-curated/tree/main/dataset/time_manipulation/roulette.sol,https://github.com/ASSERT-KTH/RepairComp/blob/main/results/smartbugs/SolGPT/time_manipulation/roulette/roulette_4round.diff,https://github.com/ASSERT-KTH/sb-heists/tree/main/smartbugs-curated/0.4.x/test/time_manipulation/roulette_test.js,False
362,simple_dao.sol,simple_dao.sol,reentrancy,SmartFix,True,True,1.0,1.0,True,passed,yes,https://github.com/ASSERT-KTH/RepairComp/blob/main/results/smartbugs/SmartFix/reentrancy/simple_dao/simple_dao.sol,https://github.com/smartbugs/smartbugs-curated/tree/main/dataset/reentrancy/simple_dao.sol,https://github.com/ASSERT-KTH/RepairComp/blob/main/results/smartbugs/SmartFix/reentrancy/simple_dao/simple_dao.diff,https://github.com/ASSERT-KTH/sb-heists/tree/main/smartbugs-curated/0.4.x/test/reentrancy/simple_dao_test.js,False
393,simple_suicide.sol,simple_suicide.sol,access_control,SmartFix,True,True,2.0,2.0,True,passed,yes,https://github.com/ASSERT-KTH/RepairComp/blob/main/results/smartbugs/SmartFix/access_control/simple_suicide/simple_suicide.sol,https://github.com/smartbugs/smartbugs-curated/tree/main/dataset/access_control/simple_suicide.sol,https://github.com/ASSERT-KTH/RepairComp/blob/main/results/smartbugs/SmartFix/access_control/simple_suicide/simple_suicide.diff,https://github.com/ASSERT-KTH/sb-heists/tree/main/smartbugs-curated/0.4.x/test/access_control/simple_suicide_test.js,False
333,timelock.sol,timelock.sol,arithmetic,SmartFix,True,True,3.0,3.0,True,passed,yes,https://github.com/ASSERT-KTH/RepairComp/blob/main/results/smartbugs/SmartFix/arithmetic/timelock/timelock.sol,https://github.com/smartbugs/smartbugs-curated/tree/main/dataset/arithmetic/timelock.sol,https://github.com/ASSERT-KTH/RepairComp/blob/main/results/smartbugs/SmartFix/arithmetic/timelock/timelock.diff,https://github.com/ASSERT-KTH/sb-heists/tree/main/smartbugs-curated/0.4.x/test/arithmetic/timelock_test.js,False
336,token.sol,token.sol,arithmetic,SmartFix,True,True,3.0,3.0,True,passed,yes,https://github.com/ASSERT-KTH/RepairComp/blob/main/results/smartbugs/SmartFix/arithmetic/token/token.sol,https://github.com/smartbugs/smartbugs-curated/tree/main/dataset/arithmetic/token.sol,https://github.com/ASSERT-KTH/RepairComp/blob/main/results/smartbugs/SmartFix/arithmetic/token/token.diff,https://github.com/ASSERT-KTH/sb-heists/tree/main/smartbugs-curated/0.4.x/test/arithmetic/token_test.js,False
335,tokensalechallenge.sol,tokensalechallenge.sol,arithmetic,SmartFix,True,True,3.0,3.0,True,passed,yes,https://github.com/ASSERT-KTH/RepairComp/blob/main/results/smartbugs/SmartFix/arithmetic/tokensalechallenge/tokensalechallenge.sol,https://github.com/smartbugs/smartbugs-curated/tree/main/dataset/arithmetic/tokensalechallenge.sol,https://github.com/ASSERT-KTH/RepairComp/blob/main/results/smartbugs/SmartFix/arithmetic/tokensalechallenge/tokensalechallenge.diff,https://github.com/ASSERT-KTH/sb-heists/tree/main/smartbugs-curated/0.4.x/test/arithmetic/tokensalechallenge_test.js,False
392,wallet_02_refund_nosub.sol,wallet_02_refund_nosub.sol,access_control,SmartFix,True,True,2.0,2.0,True,passed,yes,https://github.com/ASSERT-KTH/RepairComp/blob/main/results/smartbugs/SmartFix/access_control/wallet_02_refund_nosub/wallet_02_refund_nosub.sol,https://github.com/smartbugs/smartbugs-curated/tree/main/dataset/access_control/wallet_02_refund_nosub.sol,https://github.com/ASSERT-KTH/RepairComp/blob/main/results/smartbugs/SmartFix/access_control/wallet_02_refund_nosub/wallet_02_refund_nosub.diff,https://github.com/ASSERT-KTH/sb-heists/tree/main/smartbugs-curated/0.4.x/test/access_control/wallet_02_refund_nosub_test.js,False
395,wallet_03_wrong_constructor.sol,wallet_03_wrong_constructor.sol,access_control,SmartFix,True,True,1.0,1.0,True,passed,yes,https://github.com/ASSERT-KTH/RepairComp/blob/main/results/smartbugs/SmartFix/access_control/wallet_03_wrong_constructor/wallet_03_wrong_constructor.sol,https://github.com/smartbugs/smartbugs-curated/tree/main/dataset/access_control/wallet_03_wrong_constructor.sol,https://github.com/ASSERT-KTH/RepairComp/blob/main/results/smartbugs/SmartFix/access_control/wallet_03_wrong_constructor/wallet_03_wrong_constructor.diff,https://github.com/ASSERT-KTH/sb-heists/tree/main/smartbugs-curated/0.4.x/test/access_control/wallet_03_wrong_constructor_test.js,False
390,wallet_04_confused_sign.sol,wallet_04_confused_sign.sol,access_control,SmartFix,True,True,1.0,1.0,True,passed,yes,https://github.com/ASSERT-KTH/RepairComp/blob/main/results/smartbugs/SmartFix/access_control/wallet_04_confused_sign/wallet_04_confused_sign.sol,https://github.com/smartbugs/smartbugs-curated/tree/main/dataset/access_control/wallet_04_confused_sign.sol,https://github.com/ASSERT-KTH/RepairComp/blob/main/results/smartbugs/SmartFix/access_control/wallet_04_confused_sign/wallet_04_confused_sign.diff,https://github.com/ASSERT-KTH/sb-heists/tree/main/smartbugs-curated/0.4.x/test/access_control/wallet_04_confused_sign_test.js,False
